{"cameraMode":{"drawMode":0,"name":"Shaded","section":"Shading Mode"},"sceneLighting":true,"audioPlay":false,"sceneViewState":{"m_AlwaysRefresh":false,"showFog":true,"showSkybox":true,"showFlares":true,"showImageEffects":true,"showParticleSystems":true,"showVisualEffectGraphs":true,"m_FxEnabled":true},"in2DMode":false,"pivot":{"x":36.623756408691409,"y":3.4672324657440187,"z":70.88081359863281},"rotation":{"x":0.04820552468299866,"y":-0.40691009163856509,"z":0.021507246419787408,"w":0.9119474291801453},"size":5.816286087036133,"orthographic":false}