{"cameraMode":{"drawMode":0,"name":"Shaded","section":"Shading Mode"},"sceneLighting":false,"audioPlay":false,"sceneViewState":{"m_AlwaysRefresh":false,"showFog":true,"showSkybox":false,"showFlares":true,"showImageEffects":true,"showParticleSystems":true,"showVisualEffectGraphs":true,"m_FxEnabled":true},"in2DMode":false,"pivot":{"x":0.617077112197876,"y":1.2219858169555665,"z":0.33388447761535647},"rotation":{"x":-0.025352036580443383,"y":0.8664435148239136,"z":-0.0442270003259182,"w":-0.49666711688041689},"size":2.0882720947265627,"orthographic":false}